employed_label,FEMALE,MALE,TRANSGENDER
Employed,29.776247848537007,70.22375215146299,0.0
Not Employed,67.07953063885267,32.85528031290743,0.0651890482398957
