employed_label,City Corporation,RURAL,URBAN
Employed,8.304647160068846,71.98795180722891,19.707401032702236
Not Employed,16.492829204693614,55.86701434159062,27.640156453715775
