employed_label,Not Enrolled,TVET Enrolled
Employed,44.6643717728055,55.33562822719449
Not Employed,39.4393741851369,60.5606258148631
